SORA Value Date,SORA Publication Date,SORA
02/01/2024,03/01/2024,3.6063
03/01/2024,04/01/2024,3.8177
04/01/2024,05/01/2024,3.8218
05/01/2024,08/01/2024,3.7342
08/01/2024,09/01/2024,3.8194
09/01/2024,10/01/2024,3.7684
10/01/2024,11/01/2024,3.7393
11/01/2024,12/01/2024,3.7931
12/01/2024,15/01/2024,3.7435
15/01/2024,16/01/2024,3.5779
16/01/2024,17/01/2024,3.6456
17/01/2024,18/01/2024,3.6089
18/01/2024,19/01/2024,3.5362
19/01/2024,22/01/2024,3.4333
22/01/2024,23/01/2024,3.5474
23/01/2024,24/01/2024,3.5043
24/01/2024,25/01/2024,3.4113
25/01/2024,26/01/2024,3.5469
26/01/2024,29/01/2024,3.5205
29/01/2024,30/01/2024,3.5140
30/01/2024,31/01/2024,3.4763
31/01/2024,01/02/2024,3.4844
01/02/2024,02/02/2024,3.4330
02/02/2024,05/02/2024,3.4949
05/02/2024,06/02/2024,3.5972
06/02/2024,07/02/2024,3.6389
07/02/2024,08/02/2024,3.5840
08/02/2024,09/02/2024,3.3865
09/02/2024,13/02/2024,3.4874
13/02/2024,14/02/2024,3.3581
14/02/2024,15/02/2024,3.5172
15/02/2024,16/02/2024,3.6948
16/02/2024,19/02/2024,3.7765
19/02/2024,20/02/2024,3.8169
20/02/2024,21/02/2024,3.7518
21/02/2024,22/02/2024,3.5929
22/02/2024,23/02/2024,3.7262
23/02/2024,26/02/2024,3.8327
26/02/2024,27/02/2024,3.7501
27/02/2024,28/02/2024,3.7121
28/02/2024,29/02/2024,3.7844
29/02/2024,01/03/2024,3.7464
01/03/2024,04/03/2024,3.7769
04/03/2024,05/03/2024,3.6105
05/03/2024,06/03/2024,3.6054
06/03/2024,07/03/2024,3.5966
07/03/2024,08/03/2024,3.6260
08/03/2024,11/03/2024,3.6514
11/03/2024,12/03/2024,3.4967
12/03/2024,13/03/2024,3.4354
13/03/2024,14/03/2024,3.3928
14/03/2024,15/03/2024,3.4937
15/03/2024,18/03/2024,3.5678
18/03/2024,19/03/2024,3.7955
19/03/2024,20/03/2024,3.8841
20/03/2024,21/03/2024,3.8542
21/03/2024,22/03/2024,3.9588
22/03/2024,25/03/2024,4.2656
25/03/2024,26/03/2024,4.0357
26/03/2024,27/03/2024,3.9530
27/03/2024,28/03/2024,3.8954
28/03/2024,01/04/2024,3.6851
01/04/2024,02/04/2024,3.7000
02/04/2024,03/04/2024,3.6119
03/04/2024,04/04/2024,3.5062
04/04/2024,05/04/2024,3.5261
05/04/2024,08/04/2024,3.4176
08/04/2024,09/04/2024,3.3676
09/04/2024,11/04/2024,3.4145
11/04/2024,12/04/2024,3.3997
12/04/2024,15/04/2024,3.4699
15/04/2024,16/04/2024,3.4112
16/04/2024,17/04/2024,3.4259
17/04/2024,18/04/2024,3.3029
18/04/2024,19/04/2024,3.4439
19/04/2024,22/04/2024,3.6491
22/04/2024,23/04/2024,3.6084
23/04/2024,24/04/2024,3.5612
24/04/2024,25/04/2024,3.5281
25/04/2024,26/04/2024,3.5870
26/04/2024,29/04/2024,3.6559
29/04/2024,30/04/2024,3.5085
30/04/2024,02/05/2024,3.5066
02/05/2024,03/05/2024,3.6458
03/05/2024,06/05/2024,3.7521
06/05/2024,07/05/2024,3.7687
07/05/2024,08/05/2024,3.8329
08/05/2024,09/05/2024,3.9685
09/05/2024,10/05/2024,3.9447
10/05/2024,13/05/2024,4.0076
13/05/2024,14/05/2024,3.7153
14/05/2024,15/05/2024,3.6486
15/05/2024,16/05/2024,3.6090
16/05/2024,17/05/2024,3.5697
17/05/2024,20/05/2024,3.5899
20/05/2024,21/05/2024,3.5778
21/05/2024,23/05/2024,3.4585
23/05/2024,24/05/2024,3.5511
24/05/2024,27/05/2024,3.6756
27/05/2024,28/05/2024,3.6622
28/05/2024,29/05/2024,3.5476
29/05/2024,30/05/2024,3.5409
30/05/2024,31/05/2024,3.5289
31/05/2024,03/06/2024,3.5222
03/06/2024,04/06/2024,3.8181
04/06/2024,05/06/2024,3.8127
05/06/2024,06/06/2024,3.8523
06/06/2024,07/06/2024,3.6378
07/06/2024,10/06/2024,3.8491
10/06/2024,11/06/2024,3.5940
11/06/2024,12/06/2024,3.5291
12/06/2024,13/06/2024,3.6312
13/06/2024,14/06/2024,3.6365
14/06/2024,18/06/2024,3.7736
18/06/2024,19/06/2024,3.6929
19/06/2024,20/06/2024,3.7020
20/06/2024,21/06/2024,3.5845
21/06/2024,24/06/2024,3.6371
24/06/2024,25/06/2024,3.6709
25/06/2024,26/06/2024,3.5650
26/06/2024,27/06/2024,3.5992
27/06/2024,28/06/2024,3.4460
28/06/2024,01/07/2024,3.4325
01/07/2024,02/07/2024,3.4205
02/07/2024,03/07/2024,3.4141
03/07/2024,04/07/2024,3.4709
04/07/2024,05/07/2024,3.4839
05/07/2024,08/07/2024,3.5261
08/07/2024,09/07/2024,3.4634
09/07/2024,10/07/2024,3.4019
10/07/2024,11/07/2024,3.4975
11/07/2024,12/07/2024,3.4685
12/07/2024,15/07/2024,3.5537
15/07/2024,16/07/2024,3.5134
16/07/2024,17/07/2024,3.5137
17/07/2024,18/07/2024,3.5413
18/07/2024,19/07/2024,3.5399
19/07/2024,22/07/2024,3.5864
22/07/2024,23/07/2024,3.5679
23/07/2024,24/07/2024,3.5239
24/07/2024,25/07/2024,3.5458
25/07/2024,26/07/2024,3.6271
26/07/2024,29/07/2024,3.6541
29/07/2024,30/07/2024,3.5438
30/07/2024,31/07/2024,3.4769
31/07/2024,01/08/2024,3.4336
01/08/2024,02/08/2024,3.5377
02/08/2024,05/08/2024,3.5838
05/08/2024,06/08/2024,3.6111
06/08/2024,07/08/2024,3.5735
07/08/2024,08/08/2024,3.6052
08/08/2024,12/08/2024,3.5987
12/08/2024,13/08/2024,3.6452
13/08/2024,14/08/2024,3.6717
14/08/2024,15/08/2024,3.6119
15/08/2024,16/08/2024,3.5144
16/08/2024,19/08/2024,3.5236
19/08/2024,20/08/2024,3.5471
20/08/2024,21/08/2024,3.3436
21/08/2024,22/08/2024,3.1973
22/08/2024,23/08/2024,3.1962
23/08/2024,26/08/2024,3.2314
26/08/2024,27/08/2024,3.2189
27/08/2024,28/08/2024,3.3159
28/08/2024,29/08/2024,3.3554
29/08/2024,30/08/2024,3.4319
30/08/2024,02/09/2024,3.5355
02/09/2024,03/09/2024,3.4466
03/09/2024,04/09/2024,3.5593
04/09/2024,05/09/2024,3.4622
05/09/2024,06/09/2024,3.4824
06/09/2024,09/09/2024,3.5859
09/09/2024,10/09/2024,3.5167
10/09/2024,11/09/2024,3.4959
11/09/2024,12/09/2024,3.5352
12/09/2024,13/09/2024,3.5177
13/09/2024,16/09/2024,3.5423
16/09/2024,17/09/2024,3.5427
17/09/2024,18/09/2024,3.4455
18/09/2024,19/09/2024,3.4316
19/09/2024,20/09/2024,3.1089
20/09/2024,23/09/2024,3.2039
23/09/2024,24/09/2024,3.1178
24/09/2024,25/09/2024,3.1350
25/09/2024,26/09/2024,3.1705
26/09/2024,27/09/2024,3.4135
27/09/2024,30/09/2024,3.3108
30/09/2024,01/10/2024,3.8808
01/10/2024,02/10/2024,3.7299
02/10/2024,03/10/2024,3.6048
03/10/2024,04/10/2024,3.5946
04/10/2024,07/10/2024,3.5514
07/10/2024,08/10/2024,3.5015
08/10/2024,09/10/2024,3.3875
09/10/2024,10/10/2024,3.3049
10/10/2024,11/10/2024,3.1077
11/10/2024,14/10/2024,3.0977
14/10/2024,15/10/2024,3.0846
15/10/2024,16/10/2024,3.0314
16/10/2024,17/10/2024,2.9091
17/10/2024,18/10/2024,2.8903
18/10/2024,21/10/2024,2.9784
21/10/2024,22/10/2024,3.0642
22/10/2024,23/10/2024,3.1267
23/10/2024,24/10/2024,3.0662
24/10/2024,25/10/2024,2.9470
25/10/2024,28/10/2024,3.0313
28/10/2024,29/10/2024,3.0666
29/10/2024,30/10/2024,3.0955
30/10/2024,01/11/2024,3.1559
01/11/2024,04/11/2024,3.2321
04/11/2024,05/11/2024,2.9891
05/11/2024,06/11/2024,2.9118
06/11/2024,07/11/2024,2.8566
07/11/2024,08/11/2024,2.9347
08/11/2024,11/11/2024,3.1044
11/11/2024,12/11/2024,3.1304
12/11/2024,13/11/2024,3.0749
13/11/2024,14/11/2024,2.9600
14/11/2024,15/11/2024,2.8989
15/11/2024,18/11/2024,2.9008
18/11/2024,19/11/2024,3.1312
19/11/2024,20/11/2024,3.0600
20/11/2024,21/11/2024,2.9428
21/11/2024,22/11/2024,2.7615
22/11/2024,25/11/2024,3.0980
25/11/2024,26/11/2024,3.0618
26/11/2024,27/11/2024,2.9033
27/11/2024,28/11/2024,2.7870
28/11/2024,29/11/2024,2.7450
29/11/2024,02/12/2024,3.0839
02/12/2024,03/12/2024,2.9528
03/12/2024,04/12/2024,3.0756
04/12/2024,05/12/2024,3.0051
05/12/2024,06/12/2024,2.7668
06/12/2024,09/12/2024,2.8852
09/12/2024,10/12/2024,3.1885
10/12/2024,11/12/2024,3.1129
11/12/2024,12/12/2024,3.0721
12/12/2024,13/12/2024,3.1825
13/12/2024,16/12/2024,3.2537
16/12/2024,17/12/2024,3.1506
17/12/2024,18/12/2024,3.0547
18/12/2024,19/12/2024,2.9769
19/12/2024,20/12/2024,2.9893
20/12/2024,23/12/2024,3.2300
23/12/2024,24/12/2024,2.7620
24/12/2024,26/12/2024,2.7495
26/12/2024,27/12/2024,2.5512
27/12/2024,30/12/2024,2.5613
30/12/2024,31/12/2024,2.3115
31/12/2024,02/01/2025,2.1123
02/01/2025,03/01/2025,2.5211
03/01/2025,06/01/2025,2.7573
06/01/2025,07/01/2025,2.8352
07/01/2025,08/01/2025,2.7815
08/01/2025,09/01/2025,2.8385
09/01/2025,10/01/2025,2.8980
10/01/2025,13/01/2025,3.1047
13/01/2025,14/01/2025,2.9332
14/01/2025,15/01/2025,2.9314
15/01/2025,16/01/2025,2.8138
16/01/2025,17/01/2025,2.4647
17/01/2025,20/01/2025,2.2492
20/01/2025,21/01/2025,2.2516
21/01/2025,22/01/2025,2.4850
22/01/2025,23/01/2025,2.5852
23/01/2025,24/01/2025,3.0238
24/01/2025,27/01/2025,3.0743
27/01/2025,28/01/2025,2.9786
28/01/2025,31/01/2025,3.1283
31/01/2025,03/02/2025,2.6325
03/02/2025,04/02/2025,2.6510
04/02/2025,05/02/2025,2.6168
05/02/2025,06/02/2025,2.3766
06/02/2025,07/02/2025,2.4847
07/02/2025,10/02/2025,2.5170
10/02/2025,11/02/2025,2.5438
11/02/2025,12/02/2025,2.4561
12/02/2025,13/02/2025,2.5042
13/02/2025,14/02/2025,2.5008
14/02/2025,17/02/2025,2.4130
17/02/2025,18/02/2025,2.3114
18/02/2025,19/02/2025,2.5261
19/02/2025,20/02/2025,2.4639
20/02/2025,21/02/2025,2.4630
21/02/2025,24/02/2025,2.3548
24/02/2025,25/02/2025,2.2661
25/02/2025,26/02/2025,2.4175
26/02/2025,27/02/2025,2.3922
27/02/2025,28/02/2025,2.6412
28/02/2025,03/03/2025,2.4846
03/03/2025,04/03/2025,2.3344
04/03/2025,05/03/2025,2.2903
05/03/2025,06/03/2025,2.3176
06/03/2025,07/03/2025,2.3425
07/03/2025,10/03/2025,2.1455
10/03/2025,11/03/2025,2.1148
11/03/2025,12/03/2025,2.1251
12/03/2025,13/03/2025,2.0822
13/03/2025,14/03/2025,2.2434
14/03/2025,17/03/2025,2.3683
17/03/2025,18/03/2025,2.3416
18/03/2025,19/03/2025,2.4421
19/03/2025,20/03/2025,2.4428
20/03/2025,21/03/2025,2.4805
21/03/2025,24/03/2025,2.6484
24/03/2025,25/03/2025,2.7645
25/03/2025,26/03/2025,2.9409
26/03/2025,27/03/2025,2.9829
27/03/2025,28/03/2025,2.3592
28/03/2025,01/04/2025,2.1392
01/04/2025,02/04/2025,2.0073
02/04/2025,03/04/2025,2.1983
03/04/2025,04/04/2025,2.2206
04/04/2025,07/04/2025,2.3164
07/04/2025,08/04/2025,2.5884
08/04/2025,09/04/2025,2.3872
09/04/2025,10/04/2025,2.3326
10/04/2025,11/04/2025,2.3009
11/04/2025,14/04/2025,2.3021
14/04/2025,15/04/2025,2.2749
15/04/2025,16/04/2025,2.2840
16/04/2025,17/04/2025,2.2553
17/04/2025,21/04/2025,2.1960
21/04/2025,22/04/2025,2.1530
22/04/2025,23/04/2025,2.1405
23/04/2025,24/04/2025,2.1801
24/04/2025,25/04/2025,2.1602
25/04/2025,28/04/2025,2.1066
28/04/2025,29/04/2025,2.1769
29/04/2025,30/04/2025,2.1740
30/04/2025,02/05/2025,2.1673
02/05/2025,05/05/2025,2.2953
05/05/2025,06/05/2025,2.2720
06/05/2025,07/05/2025,2.2252
07/05/2025,08/05/2025,2.1160
08/05/2025,09/05/2025,2.1975
09/05/2025,13/05/2025,2.2665
13/05/2025,14/05/2025,2.3946
14/05/2025,15/05/2025,2.1883
15/05/2025,16/05/2025,2.1552
16/05/2025,19/05/2025,2.1210
19/05/2025,20/05/2025,2.1770
20/05/2025,21/05/2025,2.1250
21/05/2025,22/05/2025,2.1033
22/05/2025,23/05/2025,2.1348
23/05/2025,26/05/2025,2.2538
26/05/2025,27/05/2025,2.0800
27/05/2025,28/05/2025,2.1518
28/05/2025,29/05/2025,2.1189
29/05/2025,30/05/2025,2.1111
30/05/2025,02/06/2025,2.1001
02/06/2025,03/06/2025,2.1229
03/06/2025,04/06/2025,1.8245
04/06/2025,05/06/2025,1.5620
05/06/2025,06/06/2025,1.4568
06/06/2025,09/06/2025,1.4724
09/06/2025,10/06/2025,1.5092
10/06/2025,11/06/2025,1.7832
11/06/2025,12/06/2025,1.8919
12/06/2025,13/06/2025,1.7439
13/06/2025,16/06/2025,1.7531
16/06/2025,17/06/2025,1.7685
17/06/2025,18/06/2025,1.6644
18/06/2025,19/06/2025,1.8111
19/06/2025,20/06/2025,1.7594
20/06/2025,23/06/2025,1.7930
23/06/2025,24/06/2025,1.6795
24/06/2025,25/06/2025,1.6785
25/06/2025,26/06/2025,1.7466
26/06/2025,27/06/2025,1.8108
27/06/2025,30/06/2025,1.6345
30/06/2025,01/07/2025,1.5598
01/07/2025,02/07/2025,1.4297
02/07/2025,03/07/2025,1.4954
03/07/2025,04/07/2025,1.5695
04/07/2025,07/07/2025,1.4896
07/07/2025,08/07/2025,1.5986
08/07/2025,09/07/2025,1.6566
09/07/2025,10/07/2025,1.6217
10/07/2025,11/07/2025,1.6104
11/07/2025,14/07/2025,1.7048
14/07/2025,15/07/2025,1.6642
15/07/2025,16/07/2025,1.5284
16/07/2025,17/07/2025,1.5451
17/07/2025,18/07/2025,1.3029
18/07/2025,21/07/2025,1.3181
21/07/2025,22/07/2025,1.2996
22/07/2025,23/07/2025,1.4564
23/07/2025,24/07/2025,1.8136
24/07/2025,25/07/2025,1.9165
25/07/2025,28/07/2025,1.8852
28/07/2025,29/07/2025,1.7849
29/07/2025,30/07/2025,1.8668
30/07/2025,31/07/2025,1.8246
31/07/2025,01/08/2025,1.7516
01/08/2025,04/08/2025,1.5817
04/08/2025,05/08/2025,1.6645
05/08/2025,06/08/2025,1.6922
06/08/2025,07/08/2025,1.6030
07/08/2025,08/08/2025,1.6337
08/08/2025,11/08/2025,1.6067
11/08/2025,12/08/2025,1.6123
12/08/2025,13/08/2025,1.3941
13/08/2025,14/08/2025,1.3742
14/08/2025,15/08/2025,1.3053
15/08/2025,18/08/2025,1.1958
18/08/2025,19/08/2025,1.2518
19/08/2025,20/08/2025,1.4948
20/08/2025,21/08/2025,1.7069
21/08/2025,22/08/2025,1.5064
22/08/2025,25/08/2025,1.2648
25/08/2025,26/08/2025,1.1347
26/08/2025,27/08/2025,0.9504
27/08/2025,28/08/2025,0.8668
28/08/2025,29/08/2025,0.9728
29/08/2025,01/09/2025,1.0396
01/09/2025,02/09/2025,0.7261
02/09/2025,03/09/2025,0.9315
03/09/2025,04/09/2025,1.4808
04/09/2025,05/09/2025,1.4707
05/09/2025,08/09/2025,1.7007
08/09/2025,09/09/2025,1.6383
09/09/2025,10/09/2025,1.7149
10/09/2025,11/09/2025,1.4302
11/09/2025,12/09/2025,1.3468
12/09/2025,15/09/2025,1.3736
15/09/2025,16/09/2025,1.3764
16/09/2025,17/09/2025,1.1235
17/09/2025,18/09/2025,1.1218
18/09/2025,19/09/2025,1.1129
19/09/2025,22/09/2025,1.5372
22/09/2025,23/09/2025,1.4201
23/09/2025,24/09/2025,1.3212
24/09/2025,25/09/2025,1.2180
25/09/2025,26/09/2025,1.3180
26/09/2025,29/09/2025,1.3773
29/09/2025,30/09/2025,1.3755
30/09/2025,01/10/2025,1.1990
01/10/2025,02/10/2025,1.0402
02/10/2025,03/10/2025,1.0847
03/10/2025,06/10/2025,1.2469
06/10/2025,07/10/2025,0.9886
07/10/2025,08/10/2025,1.1621
08/10/2025,09/10/2025,1.2430
09/10/2025,10/10/2025,1.5033
10/10/2025,13/10/2025,1.4439
13/10/2025,14/10/2025,1.2878
14/10/2025,15/10/2025,1.2879
15/10/2025,16/10/2025,1.2249
16/10/2025,17/10/2025,1.1306
17/10/2025,21/10/2025,1.3384
21/10/2025,22/10/2025,1.2262
22/10/2025,23/10/2025,1.1649
23/10/2025,24/10/2025,1.1507
24/10/2025,27/10/2025,1.2447
27/10/2025,28/10/2025,1.1525
28/10/2025,29/10/2025,0.9414
29/10/2025,30/10/2025,0.9622
30/10/2025,31/10/2025,1.1456
31/10/2025,03/11/2025,1.3515
03/11/2025,04/11/2025,1.0306
04/11/2025,05/11/2025,0.9741
05/11/2025,06/11/2025,0.8707
06/11/2025,07/11/2025,0.8568
07/11/2025,10/11/2025,0.9396
10/11/2025,11/11/2025,1.0879
11/11/2025,12/11/2025,0.9941
12/11/2025,13/11/2025,0.9166
13/11/2025,14/11/2025,1.0034
14/11/2025,17/11/2025,1.0216
17/11/2025,18/11/2025,1.2845
18/11/2025,19/11/2025,1.1555
19/11/2025,20/11/2025,1.2484
20/11/2025,21/11/2025,1.3935
21/11/2025,24/11/2025,1.6685
24/11/2025,25/11/2025,1.2670
25/11/2025,26/11/2025,1.0782
26/11/2025,27/11/2025,1.1713
27/11/2025,28/11/2025,1.2700
28/11/2025,01/12/2025,1.0518
01/12/2025,02/12/2025,1.0297
02/12/2025,03/12/2025,0.9457
03/12/2025,04/12/2025,0.9624
04/12/2025,05/12/2025,1.0027
05/12/2025,08/12/2025,1.1351
08/12/2025,09/12/2025,1.1503
09/12/2025,10/12/2025,1.0664
10/12/2025,11/12/2025,1.0377
11/12/2025,12/12/2025,1.0593
12/12/2025,15/12/2025,1.1768
15/12/2025,16/12/2025,1.1563
16/12/2025,17/12/2025,1.2652
17/12/2025,18/12/2025,1.2629
18/12/2025,19/12/2025,1.2790
19/12/2025,22/12/2025,1.3529
22/12/2025,23/12/2025,1.3290
23/12/2025,24/12/2025,1.2776
24/12/2025,26/12/2025,1.2334
26/12/2025,29/12/2025,1.2221
29/12/2025,30/12/2025,1.3414
30/12/2025,31/12/2025,1.3212
31/12/2025,02/01/2026,0.8949
02/01/2026,05/01/2026,1.0119
05/01/2026,06/01/2026,1.0970
06/01/2026,07/01/2026,1.1005
07/01/2026,08/01/2026,1.0180
08/01/2026,09/01/2026,1.0286
09/01/2026,12/01/2026,1.0545
12/01/2026,13/01/2026,0.9742
13/01/2026,14/01/2026,0.9285
14/01/2026,15/01/2026,1.0614
15/01/2026,16/01/2026,1.3342
16/01/2026,19/01/2026,1.2119
19/01/2026,20/01/2026,0.9821
20/01/2026,21/01/2026,0.9284
21/01/2026,22/01/2026,0.9361
22/01/2026,23/01/2026,1.1667
23/01/2026,26/01/2026,1.3741
26/01/2026,27/01/2026,1.4489
27/01/2026,28/01/2026,1.2136
28/01/2026,29/01/2026,1.3100
29/01/2026,30/01/2026,1.4553
30/01/2026,02/02/2026,1.1092
02/02/2026,03/02/2026,1.1251
03/02/2026,04/02/2026,0.9793
04/02/2026,05/02/2026,0.8908
05/02/2026,06/02/2026,0.9307
06/02/2026,09/02/2026,0.8641
09/02/2026,10/02/2026,0.9142
10/02/2026,11/02/2026,0.8694
11/02/2026,12/02/2026,0.8678
12/02/2026,13/02/2026,0.9956
13/02/2026,16/02/2026,1.0513
16/02/2026,19/02/2026,1.0894
19/02/2026,20/02/2026,1.3370
20/02/2026,23/02/2026,1.2940
23/02/2026,24/02/2026,1.1091
24/02/2026,25/02/2026,1.0422
25/02/2026,26/02/2026,1.0786
26/02/2026,27/02/2026,1.0010
27/02/2026,02/03/2026,1.0528
02/03/2026,03/03/2026,1.0562
03/03/2026,04/03/2026,0.8424
04/03/2026,05/03/2026,0.8154
05/03/2026,06/03/2026,0.8024
06/03/2026,09/03/2026,0.8800
09/03/2026,10/03/2026,1.0054
10/03/2026,11/03/2026,0.9932
11/03/2026,12/03/2026,1.0022
12/03/2026,13/03/2026,0.8864
13/03/2026,16/03/2026,0.8809
16/03/2026,17/03/2026,0.9103
17/03/2026,18/03/2026,0.9394
18/03/2026,19/03/2026,0.9678
19/03/2026,20/03/2026,1.1503
20/03/2026,23/03/2026,1.2621
23/03/2026,24/03/2026,1.2026
24/03/2026,25/03/2026,1.1609
25/03/2026,26/03/2026,1.1783
26/03/2026,27/03/2026,1.1312
27/03/2026,30/03/2026,1.2085
30/03/2026,31/03/2026,1.1552
31/03/2026,01/04/2026,0.9954
01/04/2026,02/04/2026,0.8715
02/04/2026,06/04/2026,0.9834
06/04/2026,07/04/2026,0.9769
07/04/2026,08/04/2026,1.0277
08/04/2026,09/04/2026,1.0722
09/04/2026,10/04/2026,1.0477
10/04/2026,13/04/2026,0.8033
13/04/2026,14/04/2026,0.9324
14/04/2026,15/04/2026,0.8462
15/04/2026,16/04/2026,0.7953
16/04/2026,17/04/2026,0.8818
17/04/2026,20/04/2026,0.8942
20/04/2026,21/04/2026,0.9409
21/04/2026,22/04/2026,1.0024
22/04/2026,23/04/2026,0.9162
23/04/2026,24/04/2026,0.9772
24/04/2026,27/04/2026,1.0172
27/04/2026,28/04/2026,1.1487
28/04/2026,29/04/2026,1.2899
29/04/2026,30/04/2026,1.3069
30/04/2026,04/05/2026,1.3610
04/05/2026,05/05/2026,1.4077
05/05/2026,06/05/2026,1.4564
06/05/2026,07/05/2026,1.2896
07/05/2026,08/05/2026,1.3195
08/05/2026,11/05/2026,1.4596
11/05/2026,12/05/2026,1.3115
12/05/2026,13/05/2026,1.1227
13/05/2026,14/05/2026,1.1313
14/05/2026,15/05/2026,1.2718
15/05/2026,18/05/2026,1.1891
18/05/2026,19/05/2026,1.1387
19/05/2026,20/05/2026,1.1397
20/05/2026,21/05/2026,1.1071
21/05/2026,22/05/2026,1.1029
22/05/2026,25/05/2026,0.9842
25/05/2026,26/05/2026,0.9060
26/05/2026,28/05/2026,0.8869
28/05/2026,29/05/2026,0.7564
29/05/2026,02/06/2026,0.8704
02/06/2026,03/06/2026,0.9175
03/06/2026,04/06/2026,0.9967
04/06/2026,05/06/2026,0.9381
05/06/2026,08/06/2026,1.0435
08/06/2026,09/06/2026,1.2059
09/06/2026,10/06/2026,1.3253
10/06/2026,11/06/2026,1.2450
11/06/2026,12/06/2026,1.1747
12/06/2026,15/06/2026,1.1693
15/06/2026,16/06/2026,1.0038
16/06/2026,17/06/2026,0.7736
17/06/2026,18/06/2026,0.8169
18/06/2026,19/06/2026,0.9340
19/06/2026,22/06/2026,1.0328
22/06/2026,23/06/2026,1.1041
23/06/2026,24/06/2026,1.0471
24/06/2026,25/06/2026,1.0841
25/06/2026,26/06/2026,1.1553
26/06/2026,29/06/2026,1.4328
29/06/2026,30/06/2026,1.2652
30/06/2026,01/07/2026,1.1886
01/07/2026,02/07/2026,1.2845
02/07/2026,03/07/2026,1.3452
03/07/2026,06/07/2026,1.4085
06/07/2026,07/07/2026,1.3370
07/07/2026,08/07/2026,1.4019
08/07/2026,09/07/2026,1.2645
09/07/2026,10/07/2026,1.0769
10/07/2026,13/07/2026,1.0497
13/07/2026,14/07/2026,1.0532
14/07/2026,15/07/2026,1.0237
15/07/2026,16/07/2026,1.0911
16/07/2026,17/07/2026,1.0657
17/07/2026,20/07/2026,1.2056
20/07/2026,21/07/2026,1.2280
21/07/2026,22/07/2026,1.3286
22/07/2026,23/07/2026,1.3796
23/07/2026,24/07/2026,1.3583
24/07/2026,27/07/2026,1.1746
27/07/2026,28/07/2026,1.0585
28/07/2026,29/07/2026,0.9472
29/07/2026,30/07/2026,0.9068
30/07/2026,31/07/2026,0.9666
31/07/2026,03/08/2026,0.8291
03/08/2026,04/08/2026,0.8830
04/08/2026,05/08/2026,0.8977
05/08/2026,06/08/2026,0.8586
06/08/2026,07/08/2026,1.0506
07/08/2026,11/08/2026,1.4504
11/08/2026,12/08/2026,1.3688
12/08/2026,13/08/2026,1.4616
13/08/2026,14/08/2026,1.3924
14/08/2026,17/08/2026,1.2692
17/08/2026,18/08/2026,1.2803
18/08/2026,19/08/2026,1.4968
19/08/2026,20/08/2026,1.4443
20/08/2026,21/08/2026,1.3892
21/08/2026,24/08/2026,1.3389
24/08/2026,25/08/2026,1.3605
25/08/2026,26/08/2026,1.1866
26/08/2026,27/08/2026,1.2576
27/08/2026,28/08/2026,1.3021
28/08/2026,31/08/2026,1.3737
31/08/2026,01/09/2026,1.4028
01/09/2026,02/09/2026,1.2544
02/09/2026,03/09/2026,1.2644
03/09/2026,04/09/2026,1.2221
04/09/2026,07/09/2026,1.0909
07/09/2026,08/09/2026,1.1271
08/09/2026,09/09/2026,1.2152
09/09/2026,10/09/2026,1.1672
10/09/2026,11/09/2026,1.2359
11/09/2026,14/09/2026,1.1377
14/09/2026,15/09/2026,1.1825
15/09/2026,16/09/2026,1.0695
16/09/2026,17/09/2026,0.9822
17/09/2026,18/09/2026,1.2349
18/09/2026,21/09/2026,1.3572
21/09/2026,22/09/2026,1.2327
22/09/2026,23/09/2026,1.1906
23/09/2026,24/09/2026,1.1404
24/09/2026,25/09/2026,1.4527
25/09/2026,28/09/2026,1.4974
28/09/2026,29/09/2026,1.3980
29/09/2026,30/09/2026,1.3949
